https://doi.org/10.1093/molbev/msu340;A;R;N;D;C;Q;E;G;H;I;L;K;M;F;P;S;T;W;Y;V;X;*
A;-1;-1;0;-2;-1;0;0;1;-1;-1;-1;-1;-1;0;0;0;-1;-1;1;-1;1;1
R;-1;0;-1;-1;0;-1;0;1;0;0;1;0;-1;0;0;0;0;-1;-1;-1;1;1
N;0;-1;1;-6;-1;0;0;1;0;-2;1;-1;-1;-2;1;0;-3;0;-1;-1;1;1
D;-2;-1;-6;-2;-1;1;0;1;-1;-2;-1;-1;-1;-1;0;-1;-2;0;0;-1;1;1
C;-1;0;-1;-1;-8;-10;-1;1;-3;-2;-15;-2;-1;-2;-1;-5;0;0;-2;-2;1;1
Q;0;-1;0;1;-10;1;-1;1;-5;0;0;-3;-3;0;-3;-1;-4;-2;-2;-1;1;1
E;0;0;0;0;-1;-1;0;1;-4;-3;1;-1;-1;-2;-1;-1;-2;-1;0;-2;1;1
G;1;1;1;1;1;1;1;1;-1;-2;-1;-2;-1;-1;0;-1;-1;-1;0;-1;1;1
H;-1;0;0;-1;-3;-5;-4;-1;1;1;0;0;1;1;1;1;1;1;1;-2;1;1
I;-1;0;-2;-2;-2;0;-3;-2;1;0;0;1;0;-1;0;0;-1;-1;1;-1;1;1
L;-1;1;1;-1;-15;0;1;-1;0;0;-2;1;1;0;-1;0;0;-1;1;-1;1;1
K;-1;0;-1;-1;-2;-3;-1;-2;0;1;1;0;-2;-2;-1;0;-2;-1;-1;-1;1;1
M;-1;-1;-1;-1;-1;-3;-1;-1;1;0;1;-2;1;-1;-2;0;-1;-3;1;-2;1;1
F;0;0;-2;-1;-2;0;-2;-1;1;-1;0;-2;-1;0;0;-1;-1;1;0;-1;1;1
P;0;0;1;0;-1;-3;-1;0;1;0;-1;-1;-2;0;0;0;-2;-1;-1;-1;1;1
S;0;0;0;-1;-5;-1;-1;-1;1;0;0;0;0;-1;0;0;-1;0;-1;-1;1;1
T;-1;0;-3;-2;0;-4;-2;-1;1;-1;0;-2;-1;-1;-2;-1;-2;-1;-1;-1;1;1
W;-1;-1;0;0;0;-2;-1;-1;1;-1;-1;-1;-3;1;-1;0;-1;0;-1;-1;1;1
Y;1;-1;-1;0;-2;-2;0;0;1;1;1;-1;1;0;-1;-1;-1;-1;0;-1;1;1
V;-1;-1;-1;-1;-2;-1;-2;-1;-2;-1;-1;-1;-2;-1;-1;-1;-1;-1;-1;-1;1;1
X;1;1;1;1;1;1;1;1;1;1;1;1;1;1;1;1;1;1;1;1;1;1
*;1;1;1;1;1;1;1;1;1;1;1;1;1;1;1;1;1;1;1;1;1;1